insert into customer (email_id,cust_name,password,phone_no) values ('user@gmail.com','Anu','anuanu','123445677897');

insert into hotels (hid,hname,address,city,state) values (1,'LeMeridian','ECR Road','Chennai','TamilNadu');
insert into hotels (hid,hname,address,city,state) values (2,'Coal Barbeques','T Nagar','Chennai','TamilNadu');
insert into hotels (hid,hname,address,city,state) values (5,'Empire Restaurant','RR Nagar','Bengaluru','Karnataka');
insert into hotels (hid,hname,address,city,state) values (6,'Taaz Thindi','MG Road','Bengaluru','Karnataka');
insert into hotels (hid,hname,address,city,state) values (8,'Marys Kitchen','S.A. Road','Kochin','Kerala');
insert into hotels (hid,hname,address,city,state) values (9,'Dhe Puttu','Byepass Road','Kochin','Kerala');



insert into hotel_table_type(table_id,table_name,hid) values(15,'Spring 4 Seats',1);
insert into hotel_table_type(table_id,table_name,hid) values(16,'Spring 10 Seats',1);
insert into hotel_table_type(table_id,table_name,hid) values(17,'Premium 4 Seats',1);
insert into hotel_table_type(table_id,table_name,hid) values(18,'Premium 2 Seats',1);
insert into hotel_table_type(table_id,table_name,hid) values(19,'Classy 4 Seats',1);
insert into hotel_table_type(table_id,table_name,hid) values(20,'Classy 10 Seats',1);

insert into hotel_table_type(table_id,table_name,hid) values(5,'VIP 4 Seats',2);
insert into hotel_table_type(table_id,table_name,hid) values(6,'VIP 10 Seats',2);
insert into hotel_table_type(table_id,table_name,hid) values(7,'Premium 4 Seats',2);
insert into hotel_table_type(table_id,table_name,hid) values(8,'Premium 2 Seats',2);

insert into hotel_table_type(table_id,table_name,hid) values(35,'Celeb 4 Seats',5);
insert into hotel_table_type(table_id,table_name,hid) values(36,'Celeb 10 Seats',5);
insert into hotel_table_type(table_id,table_name,hid) values(37,'Premium 4 Seats',5);
insert into hotel_table_type(table_id,table_name,hid) values(38,'Premium 2 Seats',5);


insert into hotel_table_type(table_id,table_name,hid) values(65,'VIP 4 Seats',6);
insert into hotel_table_type(table_id,table_name,hid) values(66,'VIP 10 Seats',6);
insert into hotel_table_type(table_id,table_name,hid) values(67,'Premium 4 Seats',6);
insert into hotel_table_type(table_id,table_name,hid) values(68,'Premium 2 Seats',6);


insert into hotel_table_type(table_id,table_name,hid) values(85,'VIP 4 Seats',8);
insert into hotel_table_type(table_id,table_name,hid) values(86,'VIP 10 Seats',8);
insert into hotel_table_type(table_id,table_name,hid) values(87,'Premium 4 Seats',8);
insert into hotel_table_type(table_id,table_name,hid) values(88,'Premium 2 Seats',8);

insert into hotel_table_type(table_id,table_name,hid) values(95,'VIP 4 Seats',9);
insert into hotel_table_type(table_id,table_name,hid) values(96,'VIP 10 Seats',9);
insert into hotel_table_type(table_id,table_name,hid) values(97,'Premium 4 Seats',9);
insert into hotel_table_type(table_id,table_name,hid) values(98,'Premium 2 Seats',9);



insert into hotel_menu_type(menu_id,menu_name,menu_rate,hid) values(1,'VegMeals-Medium',200,1);
insert into hotel_menu_type(menu_id,menu_name,menu_rate,hid) values(2,'Veg- Curry-Roti',100,1);
insert into hotel_menu_type(menu_id,menu_name,menu_rate,hid) values(6,'NonVeg- Curry-Roti',150,1);
insert into hotel_menu_type(menu_id,menu_name,menu_rate,hid) values(3,'NonVegMeals-spl',300,1);
insert into hotel_menu_type(menu_id,menu_name,menu_rate,hid) values(4,'NonVeg-Briyani',320,1);
insert into hotel_menu_type(menu_id,menu_name,menu_rate,hid) values(5,'Veg-Meals-Briyani',150,1);
insert into hotel_menu_type(menu_id,menu_name,menu_rate,hid) values(7,'Veg- Curry-Roti',100,1);
insert into hotel_menu_type(menu_id,menu_name,menu_rate,hid) values(8,'Lime Soda',30,1);
insert into hotel_menu_type(menu_id,menu_name,menu_rate,hid) values(9,'Ice creame',50,1);

 insert into hotel_menu_type(menu_id,menu_name,menu_rate,hid) values(11,'VegMeals-Medium',200,2);
insert into hotel_menu_type(menu_id,menu_name,menu_rate,hid) values(12,'Veg- Curry-Roti',100,2);
insert into hotel_menu_type(menu_id,menu_name,menu_rate,hid) values(16,'NonVeg- Curry-Roti',150,2);
insert into hotel_menu_type(menu_id,menu_name,menu_rate,hid) values(13,'NonVegMeals-spl',300,2);
insert into hotel_menu_type(menu_id,menu_name,menu_rate,hid) values(14,'NonVeg-Briyani',320,2);
insert into hotel_menu_type(menu_id,menu_name,menu_rate,hid) values(15,'Veg-Meals-Briyani',150,2);
insert into hotel_menu_type(menu_id,menu_name,menu_rate,hid) values(17,'Veg- Curry-Roti',100,2);
insert into hotel_menu_type(menu_id,menu_name,menu_rate,hid) values(19,'Ice creame',50,2);

 insert into hotel_menu_type(menu_id,menu_name,menu_rate,hid) values(21,'VegMeals-Medium',200,5);
insert into hotel_menu_type(menu_id,menu_name,menu_rate,hid) values(22,'Veg- Curry-Roti',100,5);
insert into hotel_menu_type(menu_id,menu_name,menu_rate,hid) values(26,'NonVeg- Curry-Roti',150,5);
insert into hotel_menu_type(menu_id,menu_name,menu_rate,hid) values(23,'NonVegMeals-spl',300,5);
insert into hotel_menu_type(menu_id,menu_name,menu_rate,hid) values(24,'NonVeg-Briyani',320,5);
insert into hotel_menu_type(menu_id,menu_name,menu_rate,hid) values(25,'Veg-Meals-Briyani',150,5);
insert into hotel_menu_type(menu_id,menu_name,menu_rate,hid) values(27,'Veg- Curry-Roti',100,5);
insert into hotel_menu_type(menu_id,menu_name,menu_rate,hid) values(29,'Ice creame',50,5);

 insert into hotel_menu_type(menu_id,menu_name,menu_rate,hid) values(61,'VegMeals-Medium',200,6);
insert into hotel_menu_type(menu_id,menu_name,menu_rate,hid) values(62,'Veg- Curry-Roti',100,6);
insert into hotel_menu_type(menu_id,menu_name,menu_rate,hid) values(66,'NonVeg- Curry-Roti',150,6);
insert into hotel_menu_type(menu_id,menu_name,menu_rate,hid) values(63,'NonVegMeals-spl',300,6);
insert into hotel_menu_type(menu_id,menu_name,menu_rate,hid) values(64,'NonVeg-Briyani',320,6);
insert into hotel_menu_type(menu_id,menu_name,menu_rate,hid) values(65,'Veg-Meals-Briyani',150,6);
insert into hotel_menu_type(menu_id,menu_name,menu_rate,hid) values(67,'Veg- Curry-Roti',100,6);
insert into hotel_menu_type(menu_id,menu_name,menu_rate,hid) values(69,'Ice creame',50,6);

 insert into hotel_menu_type(menu_id,menu_name,menu_rate,hid) values(81,'VegMeals-Medium',200,8);
insert into hotel_menu_type(menu_id,menu_name,menu_rate,hid) values(82,'Veg- Curry-Roti',100,8);
insert into hotel_menu_type(menu_id,menu_name,menu_rate,hid) values(86,'NonVeg- Curry-Roti',150,8);
insert into hotel_menu_type(menu_id,menu_name,menu_rate,hid) values(83,'NonVegMeals-spl',300,8);
insert into hotel_menu_type(menu_id,menu_name,menu_rate,hid) values(84,'NonVeg-Briyani',320,8);
insert into hotel_menu_type(menu_id,menu_name,menu_rate,hid) values(85,'Veg-Meals-Briyani',150,8);
insert into hotel_menu_type(menu_id,menu_name,menu_rate,hid) values(87,'Veg- Curry-Roti',100,8);
insert into hotel_menu_type(menu_id,menu_name,menu_rate,hid) values(89,'Ice creame',50,8);

 insert into hotel_menu_type(menu_id,menu_name,menu_rate,hid) values(91,'VegMeals-Medium',200,9);
insert into hotel_menu_type(menu_id,menu_name,menu_rate,hid) values(92,'Veg- Curry-Roti',100,9);
insert into hotel_menu_type(menu_id,menu_name,menu_rate,hid) values(96,'NonVeg- Curry-Roti',150,9);
insert into hotel_menu_type(menu_id,menu_name,menu_rate,hid) values(93,'NonVegMeals-spl',300,9);
insert into hotel_menu_type(menu_id,menu_name,menu_rate,hid) values(94,'NonVeg-Briyani',320,9);
insert into hotel_menu_type(menu_id,menu_name,menu_rate,hid) values(95,'Veg-Meals-Briyani',150,9);
insert into hotel_menu_type(menu_id,menu_name,menu_rate,hid) values(97,'Veg- Curry-Roti',100,9);
insert into hotel_menu_type(menu_id,menu_name,menu_rate,hid) values(99,'Ice creame',50,9);
